,Mean,Std,IQR
Temperature,8.146540625,6.7479875725117,11.76885
Salinity,33.11055267857143,1.1401502943531119,1.2725749999999962
